key,value,date
Arsenal,-49.1,1990-01-01
Arsenal,-46.27,1990-01-20
Arsenal,-62.4,1990-03-03
Arsenal,-86.1,1990-03-21
Arsenal,-86.29,1990-04-14
Arsenal,-82.39,1990-04-21
Arsenal,-101.8,1990-04-28
Arsenal,-99.65,1990-05-05
Arsenal,-109.56,1990-08-25
Arsenal,-98.49,1990-09-01
Arsenal,-104.47,1990-09-08
Arsenal,-107.88,1990-09-19
Arsenal,-107.88,1990-09-22
Arsenal,-101.0,1990-09-29
Arsenal,-106.63,1990-10-03
Arsenal,-104.25,1990-10-20
Arsenal,-91.87,1990-10-24
Arsenal,-91.87,1990-10-27
Arsenal,-95.13,1990-11-07
Arsenal,-95.13,1990-11-10
Arsenal,-56.92,1990-12-15
Arsenal,-66.29,1990-12-26
Arsenal,-45.08,1991-01-01
Arsenal,0.0,1991-03-06
Arsenal,-5.28,1991-03-19
Arsenal,-5.28,1991-03-20
Arsenal,-11.67,1991-03-23
Arsenal,-22.48,1991-03-30
Arsenal,0.0,1991-04-10
Arsenal,0.0,1991-04-24
Arsenal,0.0,1991-05-04
Arsenal,0.0,1991-05-11
Arsenal,0.0,1991-05-15
Arsenal,0.0,1991-08-17
Arsenal,0.0,1991-08-21
Arsenal,0.0,1991-08-24
Arsenal,0.0,1991-08-31
Arsenal,0.0,1991-09-04
Arsenal,0.0,1991-09-07
Arsenal,-10.53,1991-09-14
Arsenal,0.0,1991-09-17
Arsenal,0.0,1991-09-18
Arsenal,0.0,1991-09-21
Arsenal,0.0,1991-09-28
Arsenal,0.0,1991-10-01
Arsenal,0.0,1991-10-02
Arsenal,0.0,1991-10-06
Arsenal,0.0,1991-10-19
Arsenal,0.0,1991-10-23
Arsenal,0.0,1991-10-26
Arsenal,0.0,1991-11-02
Arsenal,0.0,1991-11-06
Arsenal,0.0,1991-11-07
Arsenal,0.0,1991-11-23
Arsenal,0.0,1991-11-27
Arsenal,0.0,1991-12-11
Arsenal,-5.7,1991-12-15
Arsenal,-2.55,1991-12-26
Arsenal,-19.33,1992-01-01
Arsenal,-26.61,1992-01-11
Arsenal,-33.72,1992-01-18
Arsenal,-54.08,1992-02-01
Arsenal,-41.99,1992-02-08
Arsenal,-30.14,1992-02-22
Arsenal,-5.55,1992-03-04
Arsenal,0.0,1992-03-07
Arsenal,0.0,1992-03-18
Arsenal,0.0,1992-03-28
Arsenal,0.0,1992-04-11
Arsenal,0.0,1992-04-18
Arsenal,0.0,1992-04-20
Arsenal,0.0,1992-05-02
Arsenal,0.0,1992-08-29
Arsenal,0.0,1992-09-12
Arsenal,0.0,1992-09-16
Arsenal,0.0,1992-09-28
Arsenal,0.0,1992-09-29
Arsenal,0.0,1992-09-30
Arsenal,0.0,1992-10-01
Arsenal,0.0,1992-10-03
Arsenal,0.0,1992-10-09
Arsenal,0.0,1992-10-20
Arsenal,0.0,1992-10-21
Arsenal,0.0,1992-10-22
Arsenal,0.0,1992-10-24
Arsenal,0.0,1992-11-04
Arsenal,0.0,1992-11-07
Arsenal,0.0,1992-11-28
Arsenal,0.0,1992-12-19
Arsenal,0.0,1992-12-26
Arsenal,0.0,1992-12-28
Arsenal,-15.03,1993-01-09
Arsenal,-26.86,1993-01-16
Arsenal,-50.57,1993-02-20
Arsenal,-55.3,1993-02-28
Arsenal,-44.68,1993-03-20
Arsenal,-40.33,1993-03-24
Arsenal,-33.81,1993-03-28
Arsenal,-53.51,1993-04-12
Arsenal,-75.58,1993-04-21
Arsenal,-130.33,1993-09-01
Arsenal,-130.9,1993-09-11
Arsenal,-112.22,1993-09-12
Arsenal,-112.22,1993-09-15
Arsenal,-114.45,1993-09-28
Arsenal,-114.45,1993-09-29
Arsenal,-119.61,1993-10-16
Arsenal,-126.29,1993-10-19
Arsenal,-126.3,1993-10-20
Arsenal,-108.83,1993-10-23
Arsenal,-115.63,1993-10-30
Arsenal,-121.19,1993-11-03
Arsenal,-113.62,1993-11-24
Arsenal,-106.94,1993-11-27
Arsenal,-123.64,1993-12-08
Arsenal,-123.64,1993-12-11
Arsenal,-111.06,1994-01-01
Arsenal,-93.58,1994-01-15
Arsenal,-100.18,1994-01-22
Arsenal,-104.05,1994-03-02
Arsenal,-99.78,1994-03-05
Arsenal,-71.4,1994-03-15
Arsenal,-70.14,1994-03-19
Arsenal,-49.82,1994-03-29
Arsenal,-46.65,1994-04-02
Arsenal,-43.6,1994-04-04
Arsenal,-47.65,1994-04-12
Arsenal,-41.67,1994-04-16
Arsenal,-33.83,1994-04-23
Arsenal,-30.14,1994-04-27
Arsenal,-65.6,1994-05-04
Arsenal,-62.05,1994-08-20
Arsenal,-81.83,1994-09-13
Arsenal,-81.83,1994-09-14
Arsenal,-83.31,1994-09-15
Arsenal,-74.19,1994-09-27
Arsenal,-74.19,1994-09-28
Arsenal,-71.4,1994-09-29
Arsenal,-87.61,1994-10-08
Arsenal,-65.87,1994-10-15
Arsenal,-62.2,1994-10-18
Arsenal,-62.2,1994-10-19
Arsenal,-57.6,1994-10-20
Arsenal,-52.01,1994-10-22
Arsenal,-60.22,1994-10-29
Arsenal,-71.96,1994-11-01
Arsenal,-71.97,1994-11-02
Arsenal,-63.99,1994-11-03
Arsenal,-93.37,1994-11-23
Arsenal,-92.71,1994-11-26
Arsenal,-92.41,1994-12-03
Arsenal,-95.07,1994-12-07
Arsenal,-93.95,1994-12-17
Arsenal,-95.81,1994-12-26
Arsenal,-91.73,1994-12-31
Arsenal,-130.86,1995-02-11
Arsenal,-146.73,1995-02-25
Arsenal,-121.21,1995-03-02
Arsenal,-153.72,1995-03-15
Arsenal,-147.76,1995-03-16
Arsenal,-122.52,1995-03-22
Arsenal,-120.89,1995-04-06
Arsenal,-138.59,1995-04-17
Arsenal,-113.35,1995-04-20
Arsenal,-124.73,1995-05-10
Arsenal,-135.73,1995-05-14
Arsenal,-140.3,1995-08-10
Arsenal,-140.3,1995-08-19
Arsenal,-119.75,1995-08-24
Arsenal,-119.75,1995-08-26
Arsenal,-132.03,1995-09-12
Arsenal,-131.32,1995-09-13
Arsenal,-131.32,1995-09-14
Arsenal,-131.32,1995-09-16
Arsenal,-120.2,1995-09-26
Arsenal,-102.89,1995-09-27
Arsenal,-102.89,1995-09-28
Arsenal,-106.47,1995-10-14
Arsenal,-88.03,1995-10-17
Arsenal,-88.03,1995-10-18
Arsenal,-88.03,1995-10-19
Arsenal,-88.04,1995-10-21
Arsenal,-106.85,1995-10-31
Arsenal,-106.85,1995-11-01
Arsenal,-106.85,1995-11-02
Arsenal,-106.86,1995-11-04
Arsenal,-88.6,1995-11-18
Arsenal,-100.29,1995-11-21
Arsenal,-94.23,1995-11-22
Arsenal,-104.39,1995-12-02
Arsenal,-97.39,1995-12-05
Arsenal,-97.39,1995-12-06
Arsenal,-97.39,1995-12-09
Arsenal,-83.08,1995-12-23
Arsenal,-91.85,1996-01-13
Arsenal,-96.2,1996-02-03
Arsenal,-115.57,1996-03-05
Arsenal,-110.28,1996-03-16
Arsenal,-93.25,1996-03-19
Arsenal,-94.38,1996-04-06
Arsenal,-94.07,1996-04-08
Arsenal,-99.91,1996-05-04
Arsenal,-95.11,1996-09-07
Arsenal,-103.26,1996-09-10
Arsenal,-113.82,1996-09-11
Arsenal,-111.14,1996-09-12
Arsenal,-109.2,1996-09-21
Arsenal,-97.7,1996-09-24
Arsenal,-97.7,1996-09-25
Arsenal,-104.77,1996-09-26
Arsenal,-104.81,1996-10-12
Arsenal,-98.25,1996-10-15
Arsenal,-98.26,1996-10-16
Arsenal,-107.69,1996-10-17
Arsenal,-69.03,1996-10-27
Arsenal,-69.03,1996-10-29
Arsenal,-69.02,1996-10-30
Arsenal,-54.07,1996-10-31
Arsenal,-56.15,1996-11-02
Arsenal,-41.17,1996-11-16
Arsenal,-51.61,1996-11-19
Arsenal,-51.61,1996-11-23
Arsenal,-39.73,1996-11-28
Arsenal,-34.63,1996-12-03
Arsenal,-34.63,1996-12-04
Arsenal,-50.0,1996-12-26
Arsenal,-92.96,1997-02-22
Arsenal,-102.43,1997-03-01
Arsenal,-94.44,1997-03-04
Arsenal,-94.44,1997-03-05
Arsenal,-117.15,1997-03-06
Arsenal,-93.49,1997-03-18
Arsenal,-93.5,1997-03-19
Arsenal,-97.07,1997-03-20
Arsenal,-112.92,1997-04-05
Arsenal,-83.11,1997-04-09
Arsenal,-80.46,1997-04-10
Arsenal,-82.54,1997-04-19
Arsenal,-100.06,1997-04-23
Arsenal,-89.23,1997-04-24
Arsenal,-89.24,1997-05-03
Arsenal,-80.76,1997-08-13
Arsenal,-69.93,1997-08-27
Arsenal,-86.47,1997-09-13
Arsenal,-83.05,1997-09-16
Arsenal,-88.22,1997-09-17
Arsenal,-92.96,1997-09-18
Arsenal,-67.87,1997-09-27
Arsenal,-58.84,1997-09-30
Arsenal,-73.87,1997-10-01
Arsenal,-81.49,1997-10-02
Arsenal,-79.84,1997-10-21
Arsenal,-79.84,1997-10-22
Arsenal,-82.43,1997-10-23
Arsenal,-89.25,1997-11-01
Arsenal,-109.15,1997-11-04
Arsenal,-109.15,1997-11-05
Arsenal,-118.8,1997-11-06
Arsenal,-122.76,1997-11-25
Arsenal,-122.76,1997-11-26
Arsenal,-122.76,1997-11-27
Arsenal,-139.88,1997-12-06
Arsenal,-139.25,1997-12-09
Arsenal,-139.25,1997-12-10
Arsenal,-135.36,1997-12-13
Arsenal,-159.34,1997-12-26
Arsenal,-145.66,1998-01-10
Arsenal,-131.85,1998-01-31
Arsenal,-110.64,1998-03-03
Arsenal,-110.65,1998-03-04
Arsenal,-113.8,1998-03-05
Arsenal,-86.74,1998-03-14
Arsenal,-62.53,1998-03-17
Arsenal,-62.53,1998-03-18
Arsenal,-51.81,1998-03-19
Arsenal,-51.82,1998-03-28
Arsenal,-46.9,1998-04-02
Arsenal,-33.86,1998-04-16
Arsenal,-47.28,1998-05-13
Arsenal,-41.14,1999-08-11
Arsenal,-44.58,1999-08-14
Arsenal,-68.9,1999-08-25
Arsenal,-86.11,1999-09-14
Arsenal,-74.88,1999-09-15
Arsenal,-74.88,1999-09-16
Arsenal,-61.93,1999-09-21
Arsenal,-61.94,1999-09-22
Arsenal,-58.17,1999-09-28
Arsenal,-58.17,1999-09-29
Arsenal,-56.34,1999-09-30
Arsenal,-47.14,1999-10-16
Arsenal,-44.12,1999-10-19
Arsenal,-50.92,1999-10-20
Arsenal,-50.92,1999-10-21
Arsenal,-50.91,1999-10-23
Arsenal,-24.7,1999-10-26
Arsenal,-24.71,1999-10-27
Arsenal,-43.95,1999-10-28
Arsenal,-54.61,1999-11-02
Arsenal,-50.75,1999-11-03
Arsenal,-50.75,1999-11-04
Arsenal,-63.72,1999-11-20
Arsenal,-62.07,1999-11-23
Arsenal,-51.94,1999-11-24
Arsenal,-51.94,1999-11-25
Arsenal,-42.33,1999-12-02
Arsenal,-34.3,1999-12-07
Arsenal,-34.29,1999-12-08
Arsenal,-41.23,1999-12-09
Arsenal,-55.63,1999-12-26
Chelsea,-156.01,1990-01-01
Chelsea,-164.63,1990-01-20
Chelsea,-169.73,1990-03-03
Chelsea,-157.06,1990-03-21
Chelsea,-161.19,1990-04-14
Chelsea,-153.06,1990-04-21
Chelsea,-163.2,1990-04-28
Chelsea,-161.48,1990-05-05
Chelsea,-163.51,1990-08-25
Chelsea,-174.46,1990-09-01
Chelsea,-183.99,1990-09-08
Chelsea,-199.96,1990-09-19
Chelsea,-199.97,1990-09-22
Chelsea,-208.08,1990-09-29
Chelsea,-216.41,1990-10-03
Chelsea,-216.79,1990-10-20
Chelsea,-212.67,1990-10-24
Chelsea,-212.67,1990-10-27
Chelsea,-220.8,1990-11-07
Chelsea,-220.8,1990-11-10
Chelsea,-189.53,1990-12-15
Chelsea,-177.11,1990-12-26
Chelsea,-185.35,1991-01-01
Chelsea,-164.17,1991-03-06
Chelsea,-175.79,1991-03-19
Chelsea,-175.79,1991-03-20
Chelsea,-175.79,1991-03-23
Chelsea,-199.73,1991-03-30
Chelsea,-210.39,1991-04-10
Chelsea,-203.77,1991-04-24
Chelsea,-203.77,1991-05-04
Chelsea,-188.72,1991-05-11
Chelsea,-191.68,1991-05-15
Chelsea,-191.67,1991-08-17
Chelsea,-172.64,1991-08-21
Chelsea,-186.62,1991-08-24
Chelsea,-164.35,1991-08-31
Chelsea,-152.88,1991-09-04
Chelsea,-152.87,1991-09-07
Chelsea,-149.63,1991-09-14
Chelsea,-160.87,1991-09-17
Chelsea,-160.87,1991-09-18
Chelsea,-156.98,1991-09-21
Chelsea,-158.46,1991-09-28
Chelsea,-168.81,1991-10-01
Chelsea,-168.8,1991-10-02
Chelsea,-173.45,1991-10-06
Chelsea,-173.45,1991-10-19
Chelsea,-172.87,1991-10-23
Chelsea,-177.29,1991-10-26
Chelsea,-176.05,1991-11-02
Chelsea,-151.3,1991-11-06
Chelsea,-125.88,1991-11-07
Chelsea,-140.42,1991-11-23
Chelsea,-145.1,1991-11-27
Chelsea,-146.13,1991-12-11
Chelsea,-151.83,1991-12-15
Chelsea,-157.69,1991-12-26
Chelsea,-177.02,1992-01-01
Chelsea,-178.68,1992-01-11
Chelsea,-169.69,1992-01-18
Chelsea,-171.06,1992-02-01
Chelsea,-142.9,1992-02-08
Chelsea,-146.33,1992-02-22
Chelsea,-130.16,1992-03-04
Chelsea,-124.61,1992-03-07
Chelsea,-134.37,1992-03-18
Chelsea,-142.05,1992-03-28
Chelsea,-154.66,1992-04-11
Chelsea,-167.66,1992-04-18
Chelsea,-159.28,1992-04-20
Chelsea,-170.76,1992-05-02
Chelsea,-173.89,1992-08-29
Chelsea,-148.57,1992-09-12
Chelsea,-144.21,1992-09-16
Chelsea,-133.64,1992-09-28
Chelsea,-138.13,1992-09-29
Chelsea,-138.13,1992-09-30
Chelsea,-138.13,1992-10-01
Chelsea,-138.13,1992-10-03
Chelsea,-144.78,1992-10-09
Chelsea,-146.11,1992-10-20
Chelsea,-146.11,1992-10-21
Chelsea,-146.1,1992-10-22
Chelsea,-146.11,1992-10-24
Chelsea,-156.89,1992-11-04
Chelsea,-156.89,1992-11-07
Chelsea,-129.17,1992-11-28
Chelsea,-78.43,1992-12-19
Chelsea,-72.49,1992-12-26
Chelsea,-70.42,1992-12-28
Chelsea,-77.21,1993-01-09
Chelsea,-96.94,1993-01-16
Chelsea,-147.5,1993-02-20
Chelsea,-164.27,1993-02-28
Chelsea,-138.71,1993-03-20
Chelsea,-140.71,1993-03-24
Chelsea,-133.9,1993-03-28
Chelsea,-146.14,1993-04-12
Chelsea,-153.34,1993-04-21
Chelsea,-200.73,1993-09-01
Chelsea,-200.17,1993-09-11
Chelsea,-178.67,1993-09-12
Chelsea,-178.67,1993-09-15
Chelsea,-177.57,1993-09-28
Chelsea,-177.57,1993-09-29
Chelsea,-190.3,1993-10-16
Chelsea,-201.72,1993-10-19
Chelsea,-201.72,1993-10-20
Chelsea,-192.34,1993-10-23
Chelsea,-201.81,1993-10-30
Chelsea,-215.99,1993-11-03
Chelsea,-238.62,1993-11-24
Chelsea,-230.93,1993-11-27
Chelsea,-249.7,1993-12-08
Chelsea,-249.71,1993-12-11
Chelsea,-255.4,1994-01-01
Chelsea,-228.51,1994-01-15
Chelsea,-228.81,1994-01-22
Chelsea,-242.51,1994-03-02
Chelsea,-242.51,1994-03-05
Chelsea,-212.6,1994-03-15
Chelsea,-210.73,1994-03-19
Chelsea,-202.41,1994-03-29
Chelsea,-211.41,1994-04-02
Chelsea,-193.85,1994-04-04
Chelsea,-190.8,1994-04-12
Chelsea,-187.49,1994-04-16
Chelsea,-180.83,1994-04-23
Chelsea,-184.27,1994-04-27
Chelsea,-191.95,1994-05-04
Chelsea,-192.63,1994-08-20
Chelsea,-167.82,1994-09-13
Chelsea,-167.82,1994-09-14
Chelsea,-169.3,1994-09-15
Chelsea,-158.43,1994-09-27
Chelsea,-158.44,1994-09-28
Chelsea,-155.65,1994-09-29
Chelsea,-166.64,1994-10-08
Chelsea,-150.09,1994-10-15
Chelsea,-158.8,1994-10-18
Chelsea,-158.8,1994-10-19
Chelsea,-154.2,1994-10-20
Chelsea,-158.77,1994-10-22
Chelsea,-165.46,1994-10-29
Chelsea,-169.87,1994-11-01
Chelsea,-169.87,1994-11-02
Chelsea,-161.89,1994-11-03
Chelsea,-164.89,1994-11-23
Chelsea,-152.09,1994-11-26
Chelsea,-164.82,1994-12-03
Chelsea,-158.69,1994-12-07
Chelsea,-177.06,1994-12-17
Chelsea,-164.1,1994-12-26
Chelsea,-180.54,1994-12-31
Chelsea,-199.64,1995-02-11
Chelsea,-215.32,1995-02-25
Chelsea,-194.07,1995-03-02
Chelsea,-213.36,1995-03-15
Chelsea,-207.4,1995-03-16
Chelsea,-181.86,1995-03-22
Chelsea,-187.5,1995-04-06
Chelsea,-208.98,1995-04-17
Chelsea,-194.99,1995-04-20
Chelsea,-192.14,1995-05-10
Chelsea,-194.78,1995-05-14
Chelsea,-184.81,1995-08-10
Chelsea,-184.81,1995-08-19
Chelsea,-169.57,1995-08-24
Chelsea,-169.58,1995-08-26
Chelsea,-187.61,1995-09-12
Chelsea,-186.9,1995-09-13
Chelsea,-186.9,1995-09-14
Chelsea,-186.9,1995-09-16
Chelsea,-182.04,1995-09-26
Chelsea,-164.73,1995-09-27
Chelsea,-164.73,1995-09-28
Chelsea,-153.01,1995-10-14
Chelsea,-144.41,1995-10-17
Chelsea,-144.42,1995-10-18
Chelsea,-144.41,1995-10-19
Chelsea,-144.42,1995-10-21
Chelsea,-177.74,1995-10-31
Chelsea,-177.75,1995-11-01
Chelsea,-177.75,1995-11-02
Chelsea,-177.75,1995-11-04
Chelsea,-171.06,1995-11-18
Chelsea,-179.93,1995-11-21
Chelsea,-179.93,1995-11-22
Chelsea,-184.54,1995-12-02
Chelsea,-172.02,1995-12-05
Chelsea,-172.02,1995-12-06
Chelsea,-172.02,1995-12-09
Chelsea,-139.88,1995-12-23
Chelsea,-118.39,1996-01-13
Chelsea,-109.33,1996-02-03
Chelsea,-144.45,1996-03-05
Chelsea,-149.07,1996-03-16
Chelsea,-150.17,1996-03-19
Chelsea,-162.14,1996-04-06
Chelsea,-175.58,1996-04-08
Chelsea,-165.09,1996-05-04
Chelsea,-156.64,1996-09-07
Chelsea,-153.3,1996-09-10
Chelsea,-153.3,1996-09-11
Chelsea,-150.62,1996-09-12
Chelsea,-157.51,1996-09-21
Chelsea,-163.39,1996-09-24
Chelsea,-163.39,1996-09-25
Chelsea,-168.32,1996-09-26
Chelsea,-175.42,1996-10-12
Chelsea,-171.33,1996-10-15
Chelsea,-171.33,1996-10-16
Chelsea,-180.76,1996-10-17
Chelsea,-145.17,1996-10-27
Chelsea,-145.17,1996-10-29
Chelsea,-145.16,1996-10-30
Chelsea,-130.21,1996-10-31
Chelsea,-132.29,1996-11-02
Chelsea,-104.7,1996-11-16
Chelsea,-107.91,1996-11-19
Chelsea,-107.91,1996-11-23
Chelsea,-102.87,1996-11-28
Chelsea,-120.06,1996-12-03
Chelsea,-120.06,1996-12-04
Chelsea,-133.27,1996-12-26
Chelsea,-141.88,1997-02-22
Chelsea,-138.1,1997-03-01
Chelsea,-150.61,1997-03-04
Chelsea,-150.6,1997-03-05
Chelsea,-174.49,1997-03-06
Chelsea,-165.24,1997-03-18
Chelsea,-165.25,1997-03-19
Chelsea,-164.84,1997-03-20
Chelsea,-179.63,1997-04-05
Chelsea,-178.2,1997-04-09
Chelsea,-186.54,1997-04-10
Chelsea,-197.9,1997-04-19
Chelsea,-195.06,1997-04-23
Chelsea,-184.24,1997-04-24
Chelsea,-184.24,1997-05-03
Chelsea,-179.6,1997-08-13
Chelsea,-162.2,1997-08-27
Chelsea,-152.86,1997-09-13
Chelsea,-144.03,1997-09-16
Chelsea,-144.03,1997-09-17
Chelsea,-148.77,1997-09-18
Chelsea,-135.43,1997-09-27
Chelsea,-115.45,1997-09-30
Chelsea,-115.45,1997-10-01
Chelsea,-123.06,1997-10-02
Chelsea,-118.52,1997-10-21
Chelsea,-118.53,1997-10-22
Chelsea,-121.12,1997-10-23
Chelsea,-134.48,1997-11-01
Chelsea,-124.64,1997-11-04
Chelsea,-124.64,1997-11-05
Chelsea,-134.28,1997-11-06
Chelsea,-132.36,1997-11-25
Chelsea,-132.36,1997-11-26
Chelsea,-127.93,1997-11-27
Chelsea,-127.15,1997-12-06
Chelsea,-121.74,1997-12-09
Chelsea,-121.74,1997-12-10
Chelsea,-117.85,1997-12-13
Chelsea,-119.61,1997-12-26
Chelsea,-122.93,1998-01-10
Chelsea,-121.81,1998-01-31
Chelsea,-142.11,1998-03-03
Chelsea,-142.12,1998-03-04
Chelsea,-145.27,1998-03-05
Chelsea,-119.81,1998-03-14
Chelsea,-115.34,1998-03-17
Chelsea,-115.34,1998-03-18
Chelsea,-104.62,1998-03-19
Chelsea,-95.73,1998-03-28
Chelsea,-99.65,1998-04-02
Chelsea,-103.9,1998-04-16
Chelsea,-104.7,1998-05-13
Chelsea,-90.86,1999-08-11
Chelsea,-93.57,1999-08-14
Chelsea,-105.36,1999-08-25
Chelsea,-109.88,1999-09-14
Chelsea,-102.12,1999-09-15
Chelsea,-103.96,1999-09-16
Chelsea,-109.01,1999-09-21
Chelsea,-114.57,1999-09-22
Chelsea,-108.02,1999-09-28
Chelsea,-105.33,1999-09-29
Chelsea,-108.28,1999-09-30
Chelsea,-69.46,1999-10-16
Chelsea,-79.44,1999-10-19
Chelsea,-72.15,1999-10-20
Chelsea,-55.73,1999-10-21
Chelsea,-55.72,1999-10-23
Chelsea,-49.67,1999-10-26
Chelsea,-44.89,1999-10-27
Chelsea,-51.2,1999-10-28
Chelsea,-71.58,1999-11-02
Chelsea,-72.76,1999-11-03
Chelsea,-68.08,1999-11-04
Chelsea,-77.47,1999-11-20
Chelsea,-82.71,1999-11-23
Chelsea,-72.58,1999-11-24
Chelsea,-68.8,1999-11-25
Chelsea,-67.21,1999-12-02
Chelsea,-83.91,1999-12-07
Chelsea,-77.31,1999-12-08
Chelsea,-84.25,1999-12-09
Chelsea,-105.95,1999-12-26
Liverpool,0.0,1990-01-01
Liverpool,0.0,1990-01-20
Liverpool,0.0,1990-03-03
Liverpool,0.0,1990-03-21
Liverpool,0.0,1990-04-14
Liverpool,0.0,1990-04-21
Liverpool,0.0,1990-04-28
Liverpool,0.0,1990-05-05
Liverpool,0.0,1990-08-25
Liverpool,0.0,1990-09-01
Liverpool,0.0,1990-09-08
Liverpool,0.0,1990-09-19
Liverpool,0.0,1990-09-22
Liverpool,0.0,1990-09-29
Liverpool,0.0,1990-10-03
Liverpool,0.0,1990-10-20
Liverpool,0.0,1990-10-24
Liverpool,0.0,1990-10-27
Liverpool,0.0,1990-11-07
Liverpool,0.0,1990-11-10
Liverpool,0.0,1990-12-15
Liverpool,0.0,1990-12-26
Liverpool,0.0,1991-01-01
Liverpool,-2.71,1991-03-06
Liverpool,0.0,1991-03-19
Liverpool,0.0,1991-03-20
Liverpool,0.0,1991-03-23
Liverpool,0.0,1991-03-30
Liverpool,-28.51,1991-04-10
Liverpool,-10.82,1991-04-24
Liverpool,-10.82,1991-05-04
Liverpool,-34.12,1991-05-11
Liverpool,-34.88,1991-05-15
Liverpool,-34.87,1991-08-17
Liverpool,-13.06,1991-08-21
Liverpool,-21.11,1991-08-24
Liverpool,-9.89,1991-08-31
Liverpool,-7.7,1991-09-04
Liverpool,-7.69,1991-09-07
Liverpool,0.0,1991-09-14
Liverpool,-9.11,1991-09-17
Liverpool,-9.12,1991-09-18
Liverpool,-12.8,1991-09-21
Liverpool,-23.53,1991-09-28
Liverpool,-38.87,1991-10-01
Liverpool,-38.87,1991-10-02
Liverpool,-40.88,1991-10-06
Liverpool,-38.9,1991-10-19
Liverpool,-41.03,1991-10-23
Liverpool,-56.69,1991-10-26
Liverpool,-55.37,1991-11-02
Liverpool,-52.33,1991-11-06
Liverpool,-11.58,1991-11-07
Liverpool,-10.4,1991-11-23
Liverpool,-9.1,1991-11-27
Liverpool,-1.55,1991-12-11
Liverpool,0.0,1991-12-15
Liverpool,0.0,1991-12-26
Liverpool,0.0,1992-01-01
Liverpool,0.0,1992-01-11
Liverpool,0.0,1992-01-18
Liverpool,0.0,1992-02-01
Liverpool,0.0,1992-02-08
Liverpool,0.0,1992-02-22
Liverpool,0.0,1992-03-04
Liverpool,-4.58,1992-03-07
Liverpool,-20.25,1992-03-18
Liverpool,-25.28,1992-03-28
Liverpool,-64.85,1992-04-11
Liverpool,-79.11,1992-04-18
Liverpool,-79.16,1992-04-20
Liverpool,-82.76,1992-05-02
Liverpool,-85.92,1992-08-29
Liverpool,-75.88,1992-09-12
Liverpool,-69.0,1992-09-16
Liverpool,-88.36,1992-09-28
Liverpool,-92.75,1992-09-29
Liverpool,-92.75,1992-09-30
Liverpool,-92.75,1992-10-01
Liverpool,-92.75,1992-10-03
Liverpool,-89.85,1992-10-09
Liverpool,-92.33,1992-10-20
Liverpool,-92.33,1992-10-21
Liverpool,-92.32,1992-10-22
Liverpool,-100.05,1992-10-24
Liverpool,-113.56,1992-11-04
Liverpool,-126.97,1992-11-07
Liverpool,-99.13,1992-11-28
Liverpool,-57.7,1992-12-19
Liverpool,-67.35,1992-12-26
Liverpool,-62.01,1992-12-28
Liverpool,-71.72,1993-01-09
Liverpool,-87.78,1993-01-16
Liverpool,-103.88,1993-02-20
Liverpool,-110.47,1993-02-28
Liverpool,-96.49,1993-03-20
Liverpool,-90.33,1993-03-24
Liverpool,-87.07,1993-03-28
Liverpool,-110.93,1993-04-12
Liverpool,-109.54,1993-04-21
Liverpool,-119.01,1993-09-01
Liverpool,-129.57,1993-09-11
Liverpool,-118.82,1993-09-12
Liverpool,-129.6,1993-09-15
Liverpool,-153.85,1993-09-28
Liverpool,-153.85,1993-09-29
Liverpool,-160.11,1993-10-16
Liverpool,-159.05,1993-10-19
Liverpool,-159.05,1993-10-20
Liverpool,-149.67,1993-10-23
Liverpool,-152.89,1993-10-30
Liverpool,-150.74,1993-11-03
Liverpool,-160.5,1993-11-24
Liverpool,-152.81,1993-11-27
Liverpool,-162.48,1993-12-08
Liverpool,-156.25,1993-12-11
Liverpool,-166.34,1994-01-01
Liverpool,-148.53,1994-01-15
Liverpool,-142.36,1994-01-22
Liverpool,-156.66,1994-03-02
Liverpool,-156.65,1994-03-05
Liverpool,-143.78,1994-03-15
Liverpool,-151.51,1994-03-19
Liverpool,-146.04,1994-03-29
Liverpool,-151.84,1994-04-02
Liverpool,-153.35,1994-04-04
Liverpool,-148.9,1994-04-12
Liverpool,-148.89,1994-04-16
Liverpool,-152.28,1994-04-23
Liverpool,-147.01,1994-04-27
Liverpool,-172.19,1994-05-04
Liverpool,-174.86,1994-08-20
Liverpool,-136.1,1994-09-13
Liverpool,-136.11,1994-09-14
Liverpool,-137.59,1994-09-15
Liverpool,-129.15,1994-09-27
Liverpool,-129.15,1994-09-28
Liverpool,-126.36,1994-09-29
Liverpool,-118.49,1994-10-08
Liverpool,-104.11,1994-10-15
Liverpool,-111.98,1994-10-18
Liverpool,-111.99,1994-10-19
Liverpool,-107.38,1994-10-20
Liverpool,-107.38,1994-10-22
Liverpool,-110.79,1994-10-29
Liverpool,-119.13,1994-11-01
Liverpool,-119.13,1994-11-02
Liverpool,-111.15,1994-11-03
Liverpool,-127.99,1994-11-23
Liverpool,-115.35,1994-11-26
Liverpool,-120.51,1994-12-03
Liverpool,-122.72,1994-12-07
Liverpool,-134.87,1994-12-17
Liverpool,-119.6,1994-12-26
Liverpool,-106.07,1994-12-31
Liverpool,-105.81,1995-02-11
Liverpool,-124.53,1995-02-25
Liverpool,-102.92,1995-03-02
Liverpool,-115.38,1995-03-15
Liverpool,-109.42,1995-03-16
Liverpool,-84.55,1995-03-22
Liverpool,-79.76,1995-04-06
Liverpool,-95.98,1995-04-17
Liverpool,-86.6,1995-04-20
Liverpool,-101.46,1995-05-10
Liverpool,-118.37,1995-05-14
Liverpool,-107.87,1995-08-10
Liverpool,-107.87,1995-08-19
Liverpool,-95.6,1995-08-24
Liverpool,-95.61,1995-08-26
Liverpool,-105.4,1995-09-12
Liverpool,-100.04,1995-09-13
Liverpool,-100.03,1995-09-14
Liverpool,-100.03,1995-09-16
Liverpool,-85.35,1995-09-26
Liverpool,-68.76,1995-09-27
Liverpool,-68.75,1995-09-28
Liverpool,-60.61,1995-10-14
Liverpool,-68.22,1995-10-17
Liverpool,-67.65,1995-10-18
Liverpool,-67.64,1995-10-19
Liverpool,-67.65,1995-10-21
Liverpool,-65.9,1995-10-31
Liverpool,-85.77,1995-11-01
Liverpool,-85.78,1995-11-02
Liverpool,-85.78,1995-11-04
Liverpool,-82.19,1995-11-18
Liverpool,-99.53,1995-11-21
Liverpool,-99.54,1995-11-22
Liverpool,-116.83,1995-12-02
Liverpool,-114.88,1995-12-05
Liverpool,-114.88,1995-12-06
Liverpool,-114.88,1995-12-09
Liverpool,-78.93,1995-12-23
Liverpool,-44.9,1996-01-13
Liverpool,-21.74,1996-02-03
Liverpool,-36.82,1996-03-05
Liverpool,-43.16,1996-03-16
Liverpool,-33.5,1996-03-19
Liverpool,-43.52,1996-04-06
Liverpool,-58.81,1996-04-08
Liverpool,-45.72,1996-05-04
Liverpool,-45.63,1996-09-07
Liverpool,-52.7,1996-09-10
Liverpool,-52.69,1996-09-11
Liverpool,-50.01,1996-09-12
Liverpool,-48.21,1996-09-21
Liverpool,-38.65,1996-09-24
Liverpool,-38.65,1996-09-25
Liverpool,-43.59,1996-09-26
Liverpool,-42.62,1996-10-12
Liverpool,-53.16,1996-10-15
Liverpool,-53.16,1996-10-16
Liverpool,-62.59,1996-10-17
Liverpool,-17.99,1996-10-27
Liverpool,-15.94,1996-10-29
Liverpool,-15.93,1996-10-30
Liverpool,-0.98,1996-10-31
Liverpool,0.0,1996-11-02
Liverpool,-1.93,1996-11-16
Liverpool,-0.06,1996-11-19
Liverpool,-4.25,1996-11-23
Liverpool,-4.95,1996-11-28
Liverpool,0.0,1996-12-03
Liverpool,0.0,1996-12-04
Liverpool,-7.6,1996-12-26
Liverpool,-40.57,1997-02-22
Liverpool,-43.13,1997-03-01
Liverpool,-55.04,1997-03-04
Liverpool,-55.03,1997-03-05
Liverpool,-77.75,1997-03-06
Liverpool,-64.96,1997-03-18
Liverpool,-64.97,1997-03-19
Liverpool,-68.54,1997-03-20
Liverpool,-64.03,1997-04-05
Liverpool,-63.1,1997-04-09
Liverpool,-60.44,1997-04-10
Liverpool,-75.21,1997-04-19
Liverpool,-97.72,1997-04-23
Liverpool,-86.9,1997-04-24
Liverpool,-82.86,1997-05-03
Liverpool,-83.7,1997-08-13
Liverpool,-84.48,1997-08-27
Liverpool,-93.93,1997-09-13
Liverpool,-92.84,1997-09-16
Liverpool,-89.83,1997-09-17
Liverpool,-94.57,1997-09-18
Liverpool,-79.11,1997-09-27
Liverpool,-76.9,1997-09-30
Liverpool,-76.37,1997-10-01
Liverpool,-83.99,1997-10-02
Liverpool,-89.66,1997-10-21
Liverpool,-104.91,1997-10-22
Liverpool,-107.5,1997-10-23
Liverpool,-102.5,1997-11-01
Liverpool,-107.56,1997-11-04
Liverpool,-104.47,1997-11-05
Liverpool,-114.12,1997-11-06
Liverpool,-121.78,1997-11-25
Liverpool,-121.78,1997-11-26
Liverpool,-121.77,1997-11-27
Liverpool,-118.66,1997-12-06
Liverpool,-138.42,1997-12-09
Liverpool,-138.42,1997-12-10
Liverpool,-134.54,1997-12-13
Liverpool,-129.43,1997-12-26
Liverpool,-102.62,1998-01-10
Liverpool,-85.47,1998-01-31
Liverpool,-113.87,1998-03-03
Liverpool,-113.88,1998-03-04
Liverpool,-117.02,1998-03-05
Liverpool,-94.46,1998-03-14
Liverpool,-84.12,1998-03-17
Liverpool,-84.11,1998-03-18
Liverpool,-73.39,1998-03-19
Liverpool,-73.4,1998-03-28
Liverpool,-72.68,1998-04-02
Liverpool,-71.37,1998-04-16
Liverpool,-76.85,1998-05-13
Liverpool,-166.25,1999-08-11
Liverpool,-169.69,1999-08-14
Liverpool,-193.65,1999-08-25
Liverpool,-196.01,1999-09-14
Liverpool,-188.24,1999-09-15
Liverpool,-188.24,1999-09-16
Liverpool,-179.38,1999-09-21
Liverpool,-179.39,1999-09-22
Liverpool,-190.51,1999-09-28
Liverpool,-190.51,1999-09-29
Liverpool,-193.46,1999-09-30
Liverpool,-172.72,1999-10-16
Liverpool,-165.84,1999-10-19
Liverpool,-158.54,1999-10-20
Liverpool,-158.54,1999-10-21
Liverpool,-158.53,1999-10-23
Liverpool,-143.05,1999-10-26
Liverpool,-143.06,1999-10-27
Liverpool,-144.69,1999-10-28
Liverpool,-144.95,1999-11-02
Liverpool,-146.14,1999-11-03
Liverpool,-146.13,1999-11-04
Liverpool,-144.57,1999-11-20
Liverpool,-133.35,1999-11-23
Liverpool,-123.21,1999-11-24
Liverpool,-123.21,1999-11-25
Liverpool,-131.1,1999-12-02
Liverpool,-130.8,1999-12-07
Liverpool,-130.8,1999-12-08
Liverpool,-137.74,1999-12-09
Liverpool,-139.59,1999-12-26
Man City,-261.58,1990-01-01
Man City,-255.7,1990-01-20
Man City,-260.08,1990-03-03
Man City,-263.43,1990-03-21
Man City,-233.74,1990-04-14
Man City,-209.63,1990-04-21
Man City,-205.97,1990-04-28
Man City,-221.57,1990-05-05
Man City,-229.96,1990-08-25
Man City,-243.01,1990-09-01
Man City,-230.47,1990-09-08
Man City,-236.64,1990-09-19
Man City,-236.65,1990-09-22
Man City,-238.36,1990-09-29
Man City,-237.04,1990-10-03
Man City,-231.1,1990-10-20
Man City,-225.94,1990-10-24
Man City,-225.94,1990-10-27
Man City,-241.56,1990-11-07
Man City,-241.56,1990-11-10
Man City,-223.32,1990-12-15
Man City,-231.22,1990-12-26
Man City,-206.43,1991-01-01
Man City,-169.49,1991-03-06
Man City,-190.0,1991-03-19
Man City,-190.0,1991-03-20
Man City,-190.0,1991-03-23
Man City,-207.93,1991-03-30
Man City,-176.85,1991-04-10
Man City,-136.23,1991-04-24
Man City,-136.23,1991-05-04
Man City,-141.2,1991-05-11
Man City,-143.57,1991-05-15
Man City,-143.56,1991-08-17
Man City,-114.82,1991-08-21
Man City,-106.78,1991-08-24
Man City,-89.49,1991-08-31
Man City,-96.22,1991-09-04
Man City,-90.68,1991-09-07
Man City,-98.23,1991-09-14
Man City,-113.67,1991-09-17
Man City,-124.35,1991-09-18
Man City,-128.1,1991-09-21
Man City,-123.78,1991-09-28
Man City,-146.01,1991-10-01
Man City,-146.0,1991-10-02
Man City,-148.01,1991-10-06
Man City,-138.18,1991-10-19
Man City,-128.98,1991-10-23
Man City,-133.4,1991-10-26
Man City,-132.34,1991-11-02
Man City,-104.44,1991-11-06
Man City,-79.02,1991-11-07
Man City,-76.09,1991-11-23
Man City,-76.58,1991-11-27
Man City,-87.53,1991-12-11
Man City,-97.76,1991-12-15
Man City,-95.24,1991-12-26
Man City,-79.89,1992-01-01
Man City,-82.06,1992-01-11
Man City,-82.76,1992-01-18
Man City,-90.95,1992-02-01
Man City,-71.89,1992-02-08
Man City,-76.12,1992-02-22
Man City,-52.04,1992-03-04
Man City,-46.49,1992-03-07
Man City,-83.08,1992-03-18
Man City,-89.22,1992-03-28
Man City,-93.1,1992-04-11
Man City,-108.76,1992-04-18
Man City,-102.94,1992-04-20
Man City,-95.99,1992-05-02
Man City,-94.94,1992-08-29
Man City,-67.22,1992-09-12
Man City,-66.64,1992-09-16
Man City,-76.6,1992-09-28
Man City,-85.58,1992-09-29
Man City,-85.58,1992-09-30
Man City,-85.58,1992-10-01
Man City,-85.58,1992-10-03
Man City,-92.81,1992-10-09
Man City,-97.8,1992-10-20
Man City,-97.8,1992-10-21
Man City,-97.8,1992-10-22
Man City,-97.8,1992-10-24
Man City,-91.77,1992-11-04
Man City,-91.77,1992-11-07
Man City,-61.92,1992-11-28
Man City,-57.91,1992-12-19
Man City,-53.41,1992-12-26
Man City,-41.59,1992-12-28
Man City,-47.75,1993-01-09
Man City,-41.5,1993-01-16
Man City,-48.75,1993-02-20
Man City,-61.59,1993-02-28
Man City,-56.54,1993-03-20
Man City,-57.65,1993-03-24
Man City,-64.95,1993-03-28
Man City,-74.02,1993-04-12
Man City,-96.23,1993-04-21
Man City,-188.86,1993-09-01
Man City,-182.54,1993-09-11
Man City,-160.72,1993-09-12
Man City,-160.72,1993-09-15
Man City,-164.36,1993-09-28
Man City,-164.36,1993-09-29
Man City,-173.89,1993-10-16
Man City,-172.68,1993-10-19
Man City,-172.69,1993-10-20
Man City,-163.31,1993-10-23
Man City,-171.08,1993-10-30
Man City,-185.0,1993-11-03
Man City,-187.93,1993-11-24
Man City,-180.25,1993-11-27
Man City,-206.87,1993-12-08
Man City,-200.94,1993-12-11
Man City,-227.26,1994-01-01
Man City,-226.58,1994-01-15
Man City,-230.0,1994-01-22
Man City,-237.72,1994-03-02
Man City,-237.71,1994-03-05
Man City,-227.5,1994-03-15
Man City,-235.22,1994-03-19
Man City,-231.08,1994-03-29
Man City,-231.86,1994-04-02
Man City,-207.69,1994-04-04
Man City,-192.4,1994-04-12
Man City,-192.39,1994-04-16
Man City,-184.86,1994-04-23
Man City,-192.04,1994-04-27
Man City,-208.24,1994-05-04
Man City,-199.39,1994-08-20
Man City,-199.54,1994-09-13
Man City,-199.54,1994-09-14
Man City,-201.02,1994-09-15
Man City,-179.53,1994-09-27
Man City,-179.53,1994-09-28
Man City,-176.74,1994-09-29
Man City,-185.24,1994-10-08
Man City,-177.09,1994-10-15
Man City,-169.76,1994-10-18
Man City,-169.76,1994-10-19
Man City,-165.16,1994-10-20
Man City,-165.16,1994-10-22
Man City,-168.17,1994-10-29
Man City,-182.39,1994-11-01
Man City,-182.39,1994-11-02
Man City,-174.42,1994-11-03
Man City,-191.32,1994-11-23
Man City,-178.68,1994-11-26
Man City,-169.98,1994-12-03
Man City,-165.73,1994-12-07
Man City,-181.59,1994-12-17
Man City,-180.26,1994-12-26
Man City,-192.92,1994-12-31
Man City,-207.84,1995-02-11
Man City,-225.22,1995-02-25
Man City,-212.52,1995-03-02
Man City,-228.89,1995-03-15
Man City,-220.68,1995-03-16
Man City,-207.53,1995-03-22
Man City,-215.07,1995-04-06
Man City,-215.21,1995-04-17
Man City,-193.46,1995-04-20
Man City,-202.84,1995-05-10
Man City,-205.48,1995-05-14
Man City,-211.75,1995-08-10
Man City,-211.75,1995-08-19
Man City,-205.53,1995-08-24
Man City,-205.53,1995-08-26
Man City,-250.44,1995-09-12
Man City,-249.73,1995-09-13
Man City,-249.73,1995-09-14
Man City,-249.73,1995-09-16
Man City,-263.29,1995-09-26
Man City,-245.99,1995-09-27
Man City,-245.99,1995-09-28
Man City,-246.53,1995-10-14
Man City,-250.26,1995-10-17
Man City,-250.26,1995-10-18
Man City,-250.26,1995-10-19
Man City,-250.27,1995-10-21
Man City,-267.95,1995-10-31
Man City,-267.95,1995-11-01
Man City,-267.96,1995-11-02
Man City,-267.96,1995-11-04
Man City,-253.3,1995-11-18
Man City,-254.01,1995-11-21
Man City,-254.01,1995-11-22
Man City,-245.14,1995-12-02
Man City,-225.67,1995-12-05
Man City,-225.67,1995-12-06
Man City,-225.67,1995-12-09
Man City,-214.34,1995-12-23
Man City,-203.55,1996-01-13
Man City,-206.27,1996-02-03
Man City,-232.81,1996-03-05
Man City,-233.47,1996-03-16
Man City,-222.71,1996-03-19
Man City,-236.61,1996-04-06
Man City,-245.01,1996-04-08
Man City,-228.63,1996-05-04
Man City,-233.97,1996-09-07
Man City,-255.73,1996-09-10
Man City,-246.48,1996-09-11
Man City,-243.8,1996-09-12
Man City,-258.71,1996-09-21
Man City,-253.44,1996-09-24
Man City,-253.44,1996-09-25
Man City,-258.37,1996-09-26
Man City,-273.82,1996-10-12
Man City,-277.39,1996-10-15
Man City,-291.14,1996-10-16
Man City,-300.57,1996-10-17
Man City,-255.53,1996-10-27
Man City,-267.62,1996-10-29
Man City,-260.9,1996-10-30
Man City,-245.96,1996-10-31
Man City,-248.03,1996-11-02
Man City,-259.51,1996-11-16
Man City,-273.43,1996-11-19
Man City,-277.92,1996-11-23
Man City,-279.32,1996-11-28
Man City,-297.02,1996-12-03
Man City,-297.02,1996-12-04
Man City,-303.98,1996-12-26
Man City,-331.24,1997-02-22
Man City,-321.26,1997-03-01
Man City,-314.61,1997-03-04
Man City,-314.61,1997-03-05
Man City,-340.08,1997-03-06
Man City,-338.61,1997-03-18
Man City,-337.36,1997-03-19
Man City,-340.93,1997-03-20
Man City,-339.76,1997-04-05
Man City,-323.38,1997-04-09
Man City,-327.92,1997-04-10
Man City,-315.97,1997-04-19
Man City,-350.27,1997-04-23
Man City,-339.44,1997-04-24
Man City,-338.18,1997-05-03
Man City,-330.15,1997-08-13
Man City,-337.86,1997-08-27
Man City,-336.12,1997-09-13
Man City,-338.94,1997-09-16
Man City,-338.94,1997-09-17
Man City,-343.67,1997-09-18
Man City,-345.49,1997-09-27
Man City,-322.44,1997-09-30
Man City,-322.43,1997-10-01
Man City,-330.05,1997-10-02
Man City,-338.67,1997-10-21
Man City,-338.67,1997-10-22
Man City,-351.8,1997-10-23
Man City,-357.5,1997-11-01
Man City,-360.88,1997-11-04
Man City,-371.31,1997-11-05
Man City,-380.95,1997-11-06
Man City,-382.93,1997-11-25
Man City,-382.92,1997-11-26
Man City,-382.92,1997-11-27
Man City,-387.07,1997-12-06
Man City,-406.46,1997-12-09
Man City,-406.46,1997-12-10
Man City,-402.58,1997-12-13
Man City,-402.76,1997-12-26
Man City,-406.44,1998-01-10
Man City,-387.75,1998-01-31
Man City,-394.35,1998-03-03
Man City,-381.28,1998-03-04
Man City,-384.43,1998-03-05
Man City,-379.61,1998-03-14
Man City,-374.66,1998-03-17
Man City,-374.66,1998-03-18
Man City,-363.94,1998-03-19
Man City,-363.27,1998-03-28
Man City,-373.72,1998-04-02
Man City,-372.76,1998-04-16
Man City,-372.46,1998-05-13
Man City,-500.21,1999-08-11
Man City,-503.65,1999-08-14
Man City,-494.06,1999-08-25
Man City,-476.61,1999-09-14
Man City,-468.85,1999-09-15
Man City,-468.84,1999-09-16
Man City,-451.95,1999-09-21
Man City,-451.96,1999-09-22
Man City,-454.43,1999-09-28
Man City,-460.56,1999-09-29
Man City,-463.51,1999-09-30
Man City,-439.33,1999-10-16
Man City,-438.91,1999-10-19
Man City,-418.39,1999-10-20
Man City,-418.39,1999-10-21
Man City,-418.38,1999-10-23
Man City,-390.17,1999-10-26
Man City,-390.17,1999-10-27
Man City,-387.86,1999-10-28
Man City,-384.5,1999-11-02
Man City,-385.68,1999-11-03
Man City,-379.48,1999-11-04
Man City,-380.45,1999-11-20
Man City,-371.15,1999-11-23
Man City,-361.02,1999-11-24
Man City,-352.42,1999-11-25
Man City,-363.06,1999-12-02
Man City,-376.96,1999-12-07
Man City,-389.04,1999-12-08
Man City,-395.98,1999-12-09
Man City,-397.35,1999-12-26
Man United,-159.08,1990-01-01
Man United,-164.22,1990-01-20
Man United,-181.1,1990-03-03
Man United,-186.42,1990-03-21
Man United,-172.02,1990-04-14
Man United,-145.7,1990-04-21
Man United,-155.87,1990-04-28
Man United,-174.59,1990-05-05
Man United,-181.49,1990-08-25
Man United,-183.48,1990-09-01
Man United,-188.19,1990-09-08
Man United,-195.95,1990-09-19
Man United,-194.77,1990-09-22
Man United,-194.17,1990-09-29
Man United,-205.81,1990-10-03
Man United,-206.37,1990-10-20
Man United,-206.41,1990-10-24
Man United,-206.42,1990-10-27
Man United,-208.8,1990-11-07
Man United,-207.8,1990-11-10
Man United,-194.01,1990-12-15
Man United,-181.29,1990-12-26
Man United,-160.21,1991-01-01
Man United,-142.77,1991-03-06
Man United,-162.16,1991-03-19
Man United,-143.95,1991-03-20
Man United,-143.95,1991-03-23
Man United,-145.86,1991-03-30
Man United,-114.64,1991-04-10
Man United,-105.05,1991-04-24
Man United,-105.72,1991-05-04
Man United,-105.93,1991-05-11
Man United,-123.17,1991-05-15
Man United,-119.01,1991-08-17
Man United,-95.45,1991-08-21
Man United,-87.58,1991-08-24
Man United,-70.97,1991-08-31
Man United,-68.13,1991-09-04
Man United,-68.12,1991-09-07
Man United,-58.44,1991-09-14
Man United,-55.22,1991-09-17
Man United,-55.22,1991-09-18
Man United,-59.45,1991-09-21
Man United,-56.82,1991-09-28
Man United,-56.9,1991-10-01
Man United,-56.26,1991-10-02
Man United,-58.27,1991-10-06
Man United,-60.24,1991-10-19
Man United,-61.78,1991-10-23
Man United,-84.1,1991-10-26
Man United,-95.2,1991-11-02
Man United,-76.22,1991-11-06
Man United,-58.17,1991-11-07
Man United,-52.0,1991-11-23
Man United,-46.34,1991-11-27
Man United,-24.27,1991-12-11
Man United,-29.97,1991-12-15
Man United,-22.73,1991-12-26
Man United,-9.51,1992-01-01
Man United,-35.8,1992-01-11
Man United,-33.4,1992-01-18
Man United,-45.03,1992-02-01
Man United,-28.97,1992-02-08
Man United,-31.24,1992-02-22
Man United,-6.58,1992-03-04
Man United,-1.03,1992-03-07
Man United,-3.56,1992-03-18
Man United,-13.9,1992-03-28
Man United,-28.68,1992-04-11
Man United,-31.46,1992-04-18
Man United,-33.39,1992-04-20
Man United,-73.07,1992-05-02
Man United,-82.53,1992-08-29
Man United,-50.17,1992-09-12
Man United,-23.1,1992-09-16
Man United,-30.62,1992-09-28
Man United,-35.11,1992-09-29
Man United,-35.11,1992-09-30
Man United,-40.86,1992-10-01
Man United,-40.86,1992-10-03
Man United,-46.95,1992-10-09
Man United,-56.16,1992-10-20
Man United,-56.16,1992-10-21
Man United,-56.15,1992-10-22
Man United,-56.16,1992-10-24
Man United,-80.3,1992-11-04
Man United,-80.3,1992-11-07
Man United,-70.26,1992-11-28
Man United,-13.08,1992-12-19
Man United,-6.46,1992-12-26
Man United,-1.35,1992-12-28
Man United,0.0,1993-01-09
Man United,0.0,1993-01-16
Man United,0.0,1993-02-20
Man United,0.0,1993-02-28
Man United,0.0,1993-03-20
Man United,0.0,1993-03-24
Man United,0.0,1993-03-28
Man United,0.0,1993-04-12
Man United,0.0,1993-04-21
Man United,0.0,1993-09-01
Man United,0.0,1993-09-11
Man United,0.0,1993-09-12
Man United,0.0,1993-09-15
Man United,0.0,1993-09-28
Man United,0.0,1993-09-29
Man United,0.0,1993-10-16
Man United,0.0,1993-10-19
Man United,0.0,1993-10-20
Man United,0.0,1993-10-23
Man United,0.0,1993-10-30
Man United,0.0,1993-11-03
Man United,0.0,1993-11-24
Man United,0.0,1993-11-27
Man United,0.0,1993-12-08
Man United,0.0,1993-12-11
Man United,0.0,1994-01-01
Man United,0.0,1994-01-15
Man United,0.0,1994-01-22
Man United,0.0,1994-03-02
Man United,0.0,1994-03-05
Man United,0.0,1994-03-15
Man United,0.0,1994-03-19
Man United,0.0,1994-03-29
Man United,0.0,1994-04-02
Man United,0.0,1994-04-04
Man United,0.0,1994-04-12
Man United,0.0,1994-04-16
Man United,0.0,1994-04-23
Man United,0.0,1994-04-27
Man United,0.0,1994-05-04
Man United,0.0,1994-08-20
Man United,0.0,1994-09-13
Man United,0.0,1994-09-14
Man United,0.0,1994-09-15
Man United,0.0,1994-09-27
Man United,0.0,1994-09-28
Man United,0.0,1994-09-29
Man United,0.0,1994-10-08
Man United,0.0,1994-10-15
Man United,0.0,1994-10-18
Man United,0.0,1994-10-19
Man United,0.0,1994-10-20
Man United,0.0,1994-10-22
Man United,0.0,1994-10-29
Man United,0.0,1994-11-01
Man United,0.0,1994-11-02
Man United,0.0,1994-11-03
Man United,0.0,1994-11-23
Man United,0.0,1994-11-26
Man United,0.0,1994-12-03
Man United,0.0,1994-12-07
Man United,0.0,1994-12-17
Man United,0.0,1994-12-26
Man United,0.0,1994-12-31
Man United,0.0,1995-02-11
Man United,0.0,1995-02-25
Man United,0.0,1995-03-02
Man United,0.0,1995-03-15
Man United,0.0,1995-03-16
Man United,0.0,1995-03-22
Man United,0.0,1995-04-06
Man United,0.0,1995-04-17
Man United,0.0,1995-04-20
Man United,0.0,1995-05-10
Man United,0.0,1995-05-14
Man United,0.0,1995-08-10
Man United,0.0,1995-08-19
Man United,0.0,1995-08-24
Man United,0.0,1995-08-26
Man United,0.0,1995-09-12
Man United,0.0,1995-09-13
Man United,0.0,1995-09-14
Man United,0.0,1995-09-16
Man United,0.0,1995-09-26
Man United,0.0,1995-09-27
Man United,0.0,1995-09-28
Man United,0.0,1995-10-14
Man United,0.0,1995-10-17
Man United,0.0,1995-10-18
Man United,0.0,1995-10-19
Man United,0.0,1995-10-21
Man United,0.0,1995-10-31
Man United,0.0,1995-11-01
Man United,0.0,1995-11-02
Man United,0.0,1995-11-04
Man United,0.0,1995-11-18
Man United,0.0,1995-11-21
Man United,0.0,1995-11-22
Man United,0.0,1995-12-02
Man United,0.0,1995-12-05
Man United,0.0,1995-12-06
Man United,0.0,1995-12-09
Man United,0.0,1995-12-23
Man United,0.0,1996-01-13
Man United,0.0,1996-02-03
Man United,0.0,1996-03-05
Man United,0.0,1996-03-16
Man United,0.0,1996-03-19
Man United,0.0,1996-04-06
Man United,0.0,1996-04-08
Man United,0.0,1996-05-04
Man United,0.0,1996-09-07
Man United,0.0,1996-09-10
Man United,0.0,1996-09-11
Man United,0.0,1996-09-12
Man United,0.0,1996-09-21
Man United,0.0,1996-09-24
Man United,0.0,1996-09-25
Man United,0.0,1996-09-26
Man United,0.0,1996-10-12
Man United,0.0,1996-10-15
Man United,0.0,1996-10-16
Man United,0.0,1996-10-17
Man United,0.0,1996-10-27
Man United,0.0,1996-10-29
Man United,0.0,1996-10-30
Man United,0.0,1996-10-31
Man United,-2.07,1996-11-02
Man United,0.0,1996-11-16
Man United,0.0,1996-11-19
Man United,0.0,1996-11-23
Man United,0.0,1996-11-28
Man United,-10.28,1996-12-03
Man United,-10.28,1996-12-04
Man United,0.0,1996-12-26
Man United,0.0,1997-02-22
Man United,0.0,1997-03-01
Man United,0.0,1997-03-04
Man United,0.0,1997-03-05
Man United,0.0,1997-03-06
Man United,0.0,1997-03-18
Man United,0.0,1997-03-19
Man United,0.0,1997-03-20
Man United,0.0,1997-04-05
Man United,0.0,1997-04-09
Man United,0.0,1997-04-10
Man United,0.0,1997-04-19
Man United,0.0,1997-04-23
Man United,0.0,1997-04-24
Man United,0.0,1997-05-03
Man United,0.0,1997-08-13
Man United,0.0,1997-08-27
Man United,0.0,1997-09-13
Man United,0.0,1997-09-16
Man United,0.0,1997-09-17
Man United,0.0,1997-09-18
Man United,0.0,1997-09-27
Man United,0.0,1997-09-30
Man United,0.0,1997-10-01
Man United,0.0,1997-10-02
Man United,0.0,1997-10-21
Man United,0.0,1997-10-22
Man United,0.0,1997-10-23
Man United,0.0,1997-11-01
Man United,0.0,1997-11-04
Man United,0.0,1997-11-05
Man United,0.0,1997-11-06
Man United,0.0,1997-11-25
Man United,0.0,1997-11-26
Man United,0.0,1997-11-27
Man United,0.0,1997-12-06
Man United,0.0,1997-12-09
Man United,0.0,1997-12-10
Man United,0.0,1997-12-13
Man United,0.0,1997-12-26
Man United,0.0,1998-01-10
Man United,0.0,1998-01-31
Man United,0.0,1998-03-03
Man United,0.0,1998-03-04
Man United,0.0,1998-03-05
Man United,0.0,1998-03-14
Man United,0.0,1998-03-17
Man United,0.0,1998-03-18
Man United,0.0,1998-03-19
Man United,0.0,1998-03-28
Man United,0.0,1998-04-02
Man United,0.0,1998-04-16
Man United,0.0,1998-05-13
Man United,0.0,1999-08-11
Man United,0.0,1999-08-14
Man United,0.0,1999-08-25
Man United,0.0,1999-09-14
Man United,0.0,1999-09-15
Man United,0.0,1999-09-16
Man United,0.0,1999-09-21
Man United,0.0,1999-09-22
Man United,0.0,1999-09-28
Man United,0.0,1999-09-29
Man United,0.0,1999-09-30
Man United,0.0,1999-10-16
Man United,0.0,1999-10-19
Man United,0.0,1999-10-20
Man United,0.0,1999-10-21
Man United,0.0,1999-10-23
Man United,0.0,1999-10-26
Man United,0.0,1999-10-27
Man United,0.0,1999-10-28
Man United,0.0,1999-11-02
Man United,0.0,1999-11-03
Man United,0.0,1999-11-04
Man United,0.0,1999-11-20
Man United,0.0,1999-11-23
Man United,0.0,1999-11-24
Man United,0.0,1999-11-25
Man United,0.0,1999-12-02
Man United,0.0,1999-12-07
Man United,0.0,1999-12-08
Man United,0.0,1999-12-09
Man United,0.0,1999-12-26
Tottenham,-123.38,1990-01-01
Tottenham,-121.31,1990-01-20
Tottenham,-133.76,1990-03-03
Tottenham,-155.7,1990-03-21
Tottenham,-123.28,1990-04-14
Tottenham,-107.81,1990-04-21
Tottenham,-107.78,1990-04-28
Tottenham,-119.61,1990-05-05
Tottenham,-125.56,1990-08-25
Tottenham,-132.16,1990-09-01
Tottenham,-131.98,1990-09-08
Tottenham,-128.8,1990-09-19
Tottenham,-128.81,1990-09-22
Tottenham,-138.61,1990-09-29
Tottenham,-135.42,1990-10-03
Tottenham,-137.52,1990-10-20
Tottenham,-129.12,1990-10-24
Tottenham,-129.13,1990-10-27
Tottenham,-141.97,1990-11-07
Tottenham,-141.96,1990-11-10
Tottenham,-131.06,1990-12-15
Tottenham,-138.19,1990-12-26
Tottenham,-150.87,1991-01-01
Tottenham,-142.75,1991-03-06
Tottenham,-158.14,1991-03-19
Tottenham,-158.14,1991-03-20
Tottenham,-158.14,1991-03-23
Tottenham,-170.42,1991-03-30
Tottenham,-158.21,1991-04-10
Tottenham,-169.4,1991-04-24
Tottenham,-171.4,1991-05-04
Tottenham,-172.87,1991-05-11
Tottenham,-182.1,1991-05-15
Tottenham,-177.68,1991-08-17
Tottenham,-148.18,1991-08-21
Tottenham,-148.08,1991-08-24
Tottenham,-134.79,1991-08-31
Tottenham,-128.92,1991-09-04
Tottenham,-128.89,1991-09-07
Tottenham,-124.29,1991-09-14
Tottenham,-120.71,1991-09-17
Tottenham,-124.72,1991-09-18
Tottenham,-128.48,1991-09-21
Tottenham,-116.82,1991-09-28
Tottenham,-134.14,1991-10-01
Tottenham,-134.14,1991-10-02
Tottenham,-137.15,1991-10-06
Tottenham,-137.15,1991-10-19
Tottenham,-147.89,1991-10-23
Tottenham,-143.31,1991-10-26
Tottenham,-154.55,1991-11-02
Tottenham,-138.16,1991-11-06
Tottenham,-112.74,1991-11-07
Tottenham,-93.34,1991-11-23
Tottenham,-104.17,1991-11-27
Tottenham,-103.23,1991-12-11
Tottenham,-104.66,1991-12-15
Tottenham,-104.72,1991-12-26
Tottenham,-103.25,1992-01-01
Tottenham,-96.54,1992-01-11
Tottenham,-109.44,1992-01-18
Tottenham,-138.91,1992-02-01
Tottenham,-129.81,1992-02-08
Tottenham,-137.19,1992-02-22
Tottenham,-111.1,1992-03-04
Tottenham,-109.18,1992-03-07
Tottenham,-142.19,1992-03-18
Tottenham,-153.86,1992-03-28
Tottenham,-165.56,1992-04-11
Tottenham,-168.3,1992-04-18
Tottenham,-159.61,1992-04-20
Tottenham,-173.98,1992-05-02
Tottenham,-188.39,1992-08-29
Tottenham,-164.27,1992-09-12
Tottenham,-155.64,1992-09-16
Tottenham,-159.36,1992-09-28
Tottenham,-163.85,1992-09-29
Tottenham,-163.85,1992-09-30
Tottenham,-163.85,1992-10-01
Tottenham,-163.85,1992-10-03
Tottenham,-174.75,1992-10-09
Tottenham,-183.83,1992-10-20
Tottenham,-183.83,1992-10-21
Tottenham,-183.82,1992-10-22
Tottenham,-183.83,1992-10-24
Tottenham,-179.52,1992-11-04
Tottenham,-179.52,1992-11-07
Tottenham,-155.82,1992-11-28
Tottenham,-108.46,1992-12-19
Tottenham,-109.49,1992-12-26
Tottenham,-101.9,1992-12-28
Tottenham,-104.42,1993-01-09
Tottenham,-117.9,1993-01-16
Tottenham,-120.69,1993-02-20
Tottenham,-107.93,1993-02-28
Tottenham,-113.62,1993-03-20
Tottenham,-112.73,1993-03-24
Tottenham,-98.91,1993-03-28
Tottenham,-102.77,1993-04-12
Tottenham,-131.56,1993-04-21
Tottenham,-167.06,1993-09-01
Tottenham,-173.32,1993-09-11
Tottenham,-160.15,1993-09-12
Tottenham,-160.15,1993-09-15
Tottenham,-159.23,1993-09-28
Tottenham,-159.23,1993-09-29
Tottenham,-158.9,1993-10-16
Tottenham,-164.38,1993-10-19
Tottenham,-164.39,1993-10-20
Tottenham,-155.0,1993-10-23
Tottenham,-167.12,1993-10-30
Tottenham,-175.34,1993-11-03
Tottenham,-187.48,1993-11-24
Tottenham,-182.48,1993-11-27
Tottenham,-192.17,1993-12-08
Tottenham,-192.17,1993-12-11
Tottenham,-181.57,1994-01-01
Tottenham,-189.75,1994-01-15
Tottenham,-199.77,1994-01-22
Tottenham,-239.49,1994-03-02
Tottenham,-239.23,1994-03-05
Tottenham,-227.3,1994-03-15
Tottenham,-235.03,1994-03-19
Tottenham,-222.58,1994-03-29
Tottenham,-225.48,1994-04-02
Tottenham,-203.28,1994-04-04
Tottenham,-230.08,1994-04-12
Tottenham,-230.07,1994-04-16
Tottenham,-225.09,1994-04-23
Tottenham,-218.79,1994-04-27
Tottenham,-236.81,1994-05-04
Tottenham,-227.89,1994-08-20
Tottenham,-214.11,1994-09-13
Tottenham,-214.11,1994-09-14
Tottenham,-215.59,1994-09-15
Tottenham,-234.68,1994-09-27
Tottenham,-234.69,1994-09-28
Tottenham,-231.9,1994-09-29
Tottenham,-222.15,1994-10-08
Tottenham,-213.64,1994-10-15
Tottenham,-210.92,1994-10-18
Tottenham,-210.92,1994-10-19
Tottenham,-206.32,1994-10-20
Tottenham,-206.31,1994-10-22
Tottenham,-226.94,1994-10-29
Tottenham,-224.97,1994-11-01
Tottenham,-224.97,1994-11-02
Tottenham,-216.99,1994-11-03
Tottenham,-245.73,1994-11-23
Tottenham,-233.26,1994-11-26
Tottenham,-227.8,1994-12-03
Tottenham,-216.94,1994-12-07
Tottenham,-213.52,1994-12-17
Tottenham,-197.82,1994-12-26
Tottenham,-183.14,1994-12-31
Tottenham,-144.84,1995-02-11
Tottenham,-159.11,1995-02-25
Tottenham,-157.73,1995-03-02
Tottenham,-159.75,1995-03-15
Tottenham,-147.83,1995-03-16
Tottenham,-133.02,1995-03-22
Tottenham,-142.78,1995-04-06
Tottenham,-144.06,1995-04-17
Tottenham,-133.22,1995-04-20
Tottenham,-157.93,1995-05-10
Tottenham,-160.57,1995-05-14
Tottenham,-157.83,1995-08-10
Tottenham,-157.83,1995-08-19
Tottenham,-154.89,1995-08-24
Tottenham,-154.9,1995-08-26
Tottenham,-174.97,1995-09-12
Tottenham,-174.27,1995-09-13
Tottenham,-174.27,1995-09-14
Tottenham,-174.27,1995-09-16
Tottenham,-149.67,1995-09-26
Tottenham,-132.36,1995-09-27
Tottenham,-132.36,1995-09-28
Tottenham,-121.02,1995-10-14
Tottenham,-131.13,1995-10-17
Tottenham,-131.13,1995-10-18
Tottenham,-131.13,1995-10-19
Tottenham,-131.14,1995-10-21
Tottenham,-144.45,1995-10-31
Tottenham,-144.45,1995-11-01
Tottenham,-144.45,1995-11-02
Tottenham,-144.45,1995-11-04
Tottenham,-128.05,1995-11-18
Tottenham,-125.44,1995-11-21
Tottenham,-117.78,1995-11-22
Tottenham,-125.23,1995-12-02
Tottenham,-122.79,1995-12-05
Tottenham,-122.79,1995-12-06
Tottenham,-122.79,1995-12-09
Tottenham,-92.4,1995-12-23
Tottenham,-74.03,1996-01-13
Tottenham,-78.18,1996-02-03
Tottenham,-112.39,1996-03-05
Tottenham,-112.39,1996-03-16
Tottenham,-118.01,1996-03-19
Tottenham,-118.89,1996-04-06
Tottenham,-129.07,1996-04-08
Tottenham,-118.3,1996-05-04
Tottenham,-115.7,1996-09-07
Tottenham,-134.25,1996-09-10
Tottenham,-134.24,1996-09-11
Tottenham,-131.56,1996-09-12
Tottenham,-129.6,1996-09-21
Tottenham,-141.57,1996-09-24
Tottenham,-141.57,1996-09-25
Tottenham,-146.5,1996-09-26
Tottenham,-155.85,1996-10-12
Tottenham,-154.83,1996-10-15
Tottenham,-154.84,1996-10-16
Tottenham,-164.27,1996-10-17
Tottenham,-122.98,1996-10-27
Tottenham,-122.98,1996-10-29
Tottenham,-122.98,1996-10-30
Tottenham,-108.03,1996-10-31
Tottenham,-110.11,1996-11-02
Tottenham,-90.56,1996-11-16
Tottenham,-90.94,1996-11-19
Tottenham,-90.94,1996-11-23
Tottenham,-94.4,1996-11-28
Tottenham,-110.56,1996-12-03
Tottenham,-110.56,1996-12-04
Tottenham,-110.91,1996-12-26
Tottenham,-167.26,1997-02-22
Tottenham,-173.69,1997-03-01
Tottenham,-187.6,1997-03-04
Tottenham,-171.86,1997-03-05
Tottenham,-194.57,1997-03-06
Tottenham,-179.14,1997-03-18
Tottenham,-179.15,1997-03-19
Tottenham,-183.0,1997-03-20
Tottenham,-201.91,1997-04-05
Tottenham,-180.31,1997-04-09
Tottenham,-183.63,1997-04-10
Tottenham,-196.52,1997-04-19
Tottenham,-203.9,1997-04-23
Tottenham,-193.08,1997-04-24
Tottenham,-188.58,1997-05-03
Tottenham,-205.38,1997-08-13
Tottenham,-204.58,1997-08-27
Tottenham,-201.74,1997-09-13
Tottenham,-215.59,1997-09-16
Tottenham,-215.59,1997-09-17
Tottenham,-220.33,1997-09-18
Tottenham,-209.04,1997-09-27
Tottenham,-199.05,1997-09-30
Tottenham,-199.04,1997-10-01
Tottenham,-206.66,1997-10-02
Tottenham,-202.72,1997-10-21
Tottenham,-202.72,1997-10-22
Tottenham,-205.31,1997-10-23
Tottenham,-215.3,1997-11-01
Tottenham,-228.81,1997-11-04
Tottenham,-228.81,1997-11-05
Tottenham,-238.45,1997-11-06
Tottenham,-255.73,1997-11-25
Tottenham,-255.72,1997-11-26
Tottenham,-255.72,1997-11-27
Tottenham,-249.1,1997-12-06
Tottenham,-274.27,1997-12-09
Tottenham,-274.27,1997-12-10
Tottenham,-270.39,1997-12-13
Tottenham,-285.03,1997-12-26
Tottenham,-279.17,1998-01-10
Tottenham,-263.7,1998-01-31
Tottenham,-242.75,1998-03-03
Tottenham,-242.75,1998-03-04
Tottenham,-251.04,1998-03-05
Tottenham,-231.27,1998-03-14
Tottenham,-217.41,1998-03-17
Tottenham,-217.41,1998-03-18
Tottenham,-206.68,1998-03-19
Tottenham,-206.69,1998-03-28
Tottenham,-199.58,1998-04-02
Tottenham,-213.62,1998-04-16
Tottenham,-193.41,1998-05-13
Tottenham,-244.85,1999-08-11
Tottenham,-248.29,1999-08-14
Tottenham,-247.1,1999-08-25
Tottenham,-266.09,1999-09-14
Tottenham,-258.32,1999-09-15
Tottenham,-258.32,1999-09-16
Tottenham,-243.3,1999-09-21
Tottenham,-243.31,1999-09-22
Tottenham,-242.96,1999-09-28
Tottenham,-242.96,1999-09-29
Tottenham,-245.91,1999-09-30
Tottenham,-236.27,1999-10-16
Tottenham,-228.84,1999-10-19
Tottenham,-221.55,1999-10-20
Tottenham,-221.55,1999-10-21
Tottenham,-221.54,1999-10-23
Tottenham,-189.27,1999-10-26
Tottenham,-189.28,1999-10-27
Tottenham,-195.58,1999-10-28
Tottenham,-200.64,1999-11-02
Tottenham,-201.82,1999-11-03
Tottenham,-201.82,1999-11-04
Tottenham,-208.61,1999-11-20
Tottenham,-203.17,1999-11-23
Tottenham,-193.03,1999-11-24
Tottenham,-193.03,1999-11-25
Tottenham,-199.92,1999-12-02
Tottenham,-206.59,1999-12-07
Tottenham,-206.59,1999-12-08
Tottenham,-213.52,1999-12-09
Tottenham,-226.81,1999-12-26
